{"playerPositionX":-2.5888478755950929,"playerPositionY":0.4291136860847473}